Plate_GUID,Assembly_GUID,Assembly_Name,Assembly_Tag,bolt_count
0iSBt9UJH7jvsf_F1KvGFW,2uZzKa4DnFkB13_x6mpy_E,BEAM,A/213,6
2EZb7srIH4yAbQzeWrM$ER,26yjIRqgrExPjYEX7CqsM5,BEAM,A/108,5
0KPDpnef56UwwBsbvr2hy5,3ehTwdmF93BBado4jVuTEK,BEAM,A/276,10
3TgApr4x11w87JhJDbTthc,2xKa43uYbBg9QjYDvAoZxA,BEAM,A/109,6
2jg4pOVh13fh8g79cTcybi,0nb0lk0f18mgTJIiuyk_$I,BEAM,A/182,26
2_xmI_IbX1xPBA3eeiRf7l,0nb0lk0f18mgTJIiuyk_$I,BEAM,A/182,26
3iFiA0ljjFEBpC5H6bmlWJ,0nb0lk0f18mgTJIiuyk_$I,BEAM,A/182,26
2K255N5gnCrgtZ9mxLllUl,0nb0lk0f18mgTJIiuyk_$I,BEAM,A/182,26
13IzaFZPrEdQaR1L7Gx8Mf,0nb0lk0f18mgTJIiuyk_$I,BEAM,A/182,26
1TrpLf_mzEyh3eSWr14tcb,0nb0lk0f18mgTJIiuyk_$I,BEAM,A/182,26
18b7nIBgnEfvQ_1ocyAxLK,0nb0lk0f18mgTJIiuyk_$I,BEAM,A/182,26
0kzK1HQEX5fx4FmjNfUN1k,0nb0lk0f18mgTJIiuyk_$I,BEAM,A/182,26
2mzqIk$1r8$v0N78N$oHtF,0nb0lk0f18mgTJIiuyk_$I,BEAM,A/182,26
3yl3W407L1xgGV0elY0ufo,0nb0lk0f18mgTJIiuyk_$I,BEAM,A/182,26
2ZyM9VOsb1uxxDrgMCy7eu,0nb0lk0f18mgTJIiuyk_$I,BEAM,A/182,26
0Rgh4Slnz5jPUUZXZiKfT_,3KE0BzUqj7Kvxt1a4tqQ4l,BEAM,A/101,26
1wA$fW9NzCDQDQhcHEZCl8,3KE0BzUqj7Kvxt1a4tqQ4l,BEAM,A/101,26
1Y_6Q6uebFxwCHSAi7Y1mi,3KE0BzUqj7Kvxt1a4tqQ4l,BEAM,A/101,26
14g914_On2UfkxDpsCUVAQ,3KE0BzUqj7Kvxt1a4tqQ4l,BEAM,A/101,26
3MljWz5uT8cg0CccAwW3QW,3KE0BzUqj7Kvxt1a4tqQ4l,BEAM,A/101,26
2wURpYelHCcuyov0JYTaAQ,3KE0BzUqj7Kvxt1a4tqQ4l,BEAM,A/101,26
2dE3unJqX3CgPqR7UrWNfx,3KE0BzUqj7Kvxt1a4tqQ4l,BEAM,A/101,26
3KNDDJkmP13RBaA6luHnWN,3KE0BzUqj7Kvxt1a4tqQ4l,BEAM,A/101,26
13yrmFGWj8SQt2YkAqN8$v,3KE0BzUqj7Kvxt1a4tqQ4l,BEAM,A/101,26
1gmtw9DJr7kg0LA4RtwBTp,3PDRU6xwv6wRunBJf87EBG,BEAM,A/152,7
0FIhMfHTj7ax4MJ4D74LUx,1uii30ICD34RkqJC9NYNpp,BEAM,A/151,7
3Vv2HgeI92w9za227kzBup,3cpcL38Zv0mgIZSwuhQk54,BEAM,A/151,7
2W29w0DJDFbgStQOcjcihV,0iUfB81srBqhAKOWJGBBRY,BEAM,A/281,1
33Ct7kStX5e8acvj7JfwkI,3xdjPiUmDBtgVkEalq_GO1,BEAM,A/281,1
0rQ3FETLrDLAEashYG0n1c,1RV5qA_oH2thjNxIGUxYem,BEAM,A/76,6
1egud5dwH47fYAnqB3rfug,3jZPfbRXn3ngIMAkCqeSaW,BEAM,A/84,15
15O2m3duTBteUY_zG$3da1,3jZPfbRXn3ngIMAkCqeSaW,BEAM,A/84,15
14nCp_P2bByuPHW8UTWNjl,3jZPfbRXn3ngIMAkCqeSaW,BEAM,A/84,15
3_rhGZ$Kb0jxfRMTymlLct,3jZPfbRXn3ngIMAkCqeSaW,BEAM,A/84,15
1agqHuApLEzhn9TTndIEA9,3jZPfbRXn3ngIMAkCqeSaW,BEAM,A/84,15
3O5cWpm_PDRP8FcIOeXxAQ,3jZPfbRXn3ngIMAkCqeSaW,BEAM,A/84,15
2goWry2Nv5merxOau3wXmK,3jZPfbRXn3ngIMAkCqeSaW,BEAM,A/84,15
2uwVoKQ6jA8OTF0Vse43Qo,3jZPfbRXn3ngIMAkCqeSaW,BEAM,A/84,15
2THB1AKgH1XAkqlAqriWtH,3jZPfbRXn3ngIMAkCqeSaW,BEAM,A/84,15
0i3AmeGrf0LO4rxO7QwzSs,3jZPfbRXn3ngIMAkCqeSaW,BEAM,A/84,15
05gQapjszFlQ7j$6uebRIa,3jZPfbRXn3ngIMAkCqeSaW,BEAM,A/84,15
3vh$lExc13pvQGiJ12YzNm,3bby0XVSn18eMr9nsKtfus,BEAM,A/76,6
0_zcUICbH6R92w8r12vJOG,1rUc7HtsnEoe$Kr_lIU4SC,BEAM,A/154,6
1QBsaj3LHA5gMx0cmSoSaA,2ESYI2mh50ZwD3Bby736qc,BEAM,A/78,1
2PNOu6CAn0hQQDAqbzpYjx,3eHKbvcwTDSf_bFYSDzSMT,BEAM,A/78,1
3oa$f$imn7bAlrrRdpNY5y,0iPVZwtgXAJ8MdC6UZ6gH9,BEAM,A/87,14
12$L0DC252iAi9AnaAb4rQ,0iPVZwtgXAJ8MdC6UZ6gH9,BEAM,A/87,14
0jKed6dWz7oAxLj1Jke$il,0iPVZwtgXAJ8MdC6UZ6gH9,BEAM,A/87,14
2LGkYGSD13UgpIjM1MkL0t,0iPVZwtgXAJ8MdC6UZ6gH9,BEAM,A/87,14
0TNQ_t19XEYuY$pyF9BkTS,0iPVZwtgXAJ8MdC6UZ6gH9,BEAM,A/87,14
13g3Gh6jT6i8JSFsT330mR,0iPVZwtgXAJ8MdC6UZ6gH9,BEAM,A/87,14
14lzUZNQz8Pf3cq$7dM5EE,0iPVZwtgXAJ8MdC6UZ6gH9,BEAM,A/87,14
2iz_dcRHnFYxhafuS5aYW4,0iPVZwtgXAJ8MdC6UZ6gH9,BEAM,A/87,14
0R3puD8vf0PhpWkGlAF4IJ,0iPVZwtgXAJ8MdC6UZ6gH9,BEAM,A/87,14
2tGLC$xZb8Wh4KF5O_UPw8,3VsqSyKK58_gMVZMOAYFYI,BEAM,A/10,1
3NHyM_NdDBa9_K$EH6DxvE,0z32ehyc57bPJQK2jiDpEZ,BEAM,A/10,1
0dkpE2BeX8ngBXW0VjXEFI,1VnK1k55T5YxkKvIM8QJYG,BEAM,A/10,1
26$jwYnsb3AfGtsmVUZOIM,2Sya7E8mXFxewYhO9ixsrR,BEAM,A/10,1
0VhnbGyx954h$KIsZ0oI03,0SEfs7bdL89fedgkM$xqIs,BEAM,A/10,1
09C5IAZWL3uvpta0FIB2SM,05iPCLv_LENgg3v93OCZWa,BEAM,A/10,1
39ymFT1vn3aOMxO628ecZa,2sjzz_i7v80R5MlIHU3Z_p,BEAM,A/10,1
1btSN0n698i9a1JOVgcYgv,2oKzsyQs976Q_et7V8N5VT,BEAM,A/10,1
3RR_Q9rkv9efxPA4L0dV$R,1slFlI$g5EduggXxpRZ3Ed,BEAM,A/268,1
3431C0T3v21QfAvOkKvE5Q,2cZ1BrjBr6Yfi3puqtjJbi,BEAM,A/10,1
2bnK_0Cq1AuQ_PPpp5IyVQ,1eAkJVmL95SgVC3Nwc4X1r,BEAM,A/10,1
30i7gImwz41x7lCcQfHd$Y,0KtddYzXvA_R_Vnl4Yu5TI,BEAM,A/78,1
3HWCRCptTEhfkJi3ylJ6Mx,0yRYHKdA19GRoi2frbIKaY,BEAM,A/78,1
3EYeUy1AXDm8WMac2CCU6C,04Zco$Ba1CGP7NFAAKVTvC,BEAM,A/10,1
1wcJdIWMf7MOdgbHdD$C6h,1GTQo7hpn4AQynMh7LnOf1,BEAM,A/268,1
2qRGKQcvrEWup6KyHRY9Rf,3zt5qVz3zDphZtMdd5pZ7A,BEAM,A/268,1
20HeeRnbX2h8OguZhKopu6,1_kAKg9d95wAm7smGThztZ,BEAM,A/10,1
3TR5zkgFDDreBAGafKomJE,0nO7GJNRHF7fO8Zp38Wgnh,BEAM,A/10,1
28Z87SiYz3wg_szHrSMuWJ,0ExOhhtfX6sha08yIPCejv,BEAM,A/78,1
3cA0fhz6n9gwnjAi0U0ytq,2o8EQ_UF96WAD9BQA1uRYj,BEAM,A/78,1
014O9XEXz05B0fT8r9Vqs8,1jrTf_s619$O3IxS1xXHPv,BEAM,A/10,1
2LNQ$tMdbAkAbr16lFAIFj,1ObcNtbdH9KwtJ16NLzMLf,BEAM,A/10,1
0vqkge_ab4QPa4PIr09D3J,3jd50pdiP4$PJdfv5XZKD7,BEAM,A/10,1
1AqBf9HRTAqgbtkPa3Kuem,3p9Ac9tmTBJfpl9p9hQCwf,BEAM,A/10,1
1spov1m$P8APgcgAtncEsv,1BDDqvUA17FfPMexnrPSPl,BEAM,A/10,1
0pPTjQyWv9cQin$pNJJsTg,3fhYU5l558JhEmYSAKOH4L,BEAM,A/10,1
3Fi4aTPsnCbuvBqEGlBmsb,1LktCiOXX6txpKPeUo6SQt,BEAM,A/10,1
1cBFci7Xr8DegfNxHS6DSw,32NNY5sFfCtvk3Z4UTn7uj,BEAM,A/10,1
0lk5ITqeL2Ff5j7gY7ey8T,3zc3sEkGr6MPRosEHTV4vZ,BEAM,A/10,1
0ohzyfUurDL9NTyskw$Ii$,1zoqz3xOfCWvOXtgokgt6x,BEAM,A/10,1
21FU_pbsb86B56Qbe4OarS,3P1U_TmKj6iRvdbIFwd8Dt,BEAM,A/10,1
3pHoszDPf09Qt5cmzYwqF0,1OdmkNqzL3vOM_hDyyLDi1,BEAM,A/10,1
1sFnFf$ab4PBTrD7OO3C_U,3g9vyf4_PDNwFgZXjZabEV,BEAM,A/10,1
0RsJz0SO53GRo7ZUR0NY7t,1OrCFbSSH9S833nVJC4qXW,BEAM,A/10,1
2dFyMIwAX8IA7oCkDqH_2a,37s0SEV1H9H820syGx6Nw5,BEAM,A/10,1
04e3P1Oz148BhFNC0hOCtc,2coTo0HvjEquJxrJw4crRN,BEAM,A/10,1
0jmFRehU91kBaMiHLGOAwM,3XRqeWt0j3X9FHHRz3zMCz,BEAM,A/10,1
3JuktNvrH7LhCIDMgL6ACY,25KJHbjD5CJRrHeHAdjwHJ,BEAM,A/10,1
3PnBDJcGL4eupOYhBh1aGU,3$I3y1tsr1_hsbzIk$EzaV,BEAM,A/10,1
2ndemdlKDEwuj55RDASF6K,0yB8eLLiLE0RRFnDJ3cuFX,BEAM,A/10,1
0eW2S5g$zDgA6cBoI6HlEH,1H0MVbYI94eu9ZvCwu723f,BEAM,A/10,1
1tiAzMhxLBYOZkykSDGkTl,1vxo2RRKf13hXjP1s14JbH,BEAM,A/10,1
2h9lp3CUP4NOh1kacjv7NP,2s33l8lpX4duOqJ12kB7vk,BEAM,A/10,1
36jxrpXiv98fZjjlAVkGdn,3UgTCMxEX2zO44Rb4Xzana,BEAM,A/10,1
3t9YzcImb1rfIxAMvxaDfd,1xo$nHB7HEzPFKNUwQm4Sl,BEAM,A/10,1
0bteLA2srDye$owBjKSv4h,38O5T01SjFge7bxIc96y3c,BEAM,A/10,1
1YuiDZmNjC7RmIcJfZ1IOI,0zXxA4Z3T1r8pQ0WGxKaeP,BEAM,A/10,1
3U5shYouj5$QML55fTsywi,1zkHr5mM56Xw1hduRE4LuU,BEAM,A/10,1
0DLK3OtjPAMhrc56PcgluO,3B_KalKeXBzP0Wdb5xVL$j,BEAM,A/10,1
1DL$7LbOX6jhx91yihyNtq,2xdY9rRZz67xqKhrOKmt3N,BEAM,A/10,1
0BUFhWbcT9Hg0PLjXoTakd,2gorKVWlfEwO3WUwMEsNqf,BEAM,A/10,1
0wTkQH8zH1fA1$eB_2Mq60,1m7mv2Q0n3gg5scDFAzNj7,BEAM,A/10,1
1YCaW0GZ9D08CtLCXD2PD1,2doGOOyuD7_e1tdsy6mnID,BEAM,A/10,1
3VnOQHA4vCjOAZ_ovCrVM8,0$xGyJvqT2Uw7NfaCT3GM6,BEAM,A/128,2
2MPBeU9NrDtPUT4IQSeyc2,38XoZm4Mb5XBbK7pFYt4xk,BEAM,A/19,1
2Ns51tDaPFg9tyFy4b8u2s,0xekavd2j4OgvPeWlqRYf$,BEAM,A/128,2
22bUBkM3z39xk61JD5H8pw,3ckvmYqir3wRCmuZNBXj$w,BEAM,A/126,1
2mrtUMC3z8ORc3PaI5uBiP,1aDy9Z_Ab4ThMs1lxOFtsW,BEAM,A/60,1
3Cxsn03tT5HPIXUep6cfDg,2OMT5IbNzAhhTvy3Awrhxy,BEAM,A/60,1
2yMFX9kd92h9jXc_k63M7h,10qdxr6Nn4J9jqiNYXTte0,BEAM,A/44,3
1kqNs$RQXBrODXs99Qucqb,10qdxr6Nn4J9jqiNYXTte0,BEAM,A/44,3
07SqNiwrz0z9nuA2wFfSdT,1r$$4UyY9AKPSYLyQKpmza,BEAM,A/44,3
0c0IYnW9j4zR4qxPHxXhh7,1r$$4UyY9AKPSYLyQKpmza,BEAM,A/44,3
3QgTxd8WP9jBtNb0l0xu4F,1tfLEtrHj6gO8EhJJJlJKv,BEAM,A/35,3
3AvQsyQ3D0MehlKaWsssAl,1tfLEtrHj6gO8EhJJJlJKv,BEAM,A/35,3
2ysP5XLNP3aP8YFuOWq$tg,30JeKG9hnBDgr81kpdNdyl,BEAM,A/35,3
3avLKnre136wrm3YZrLXbp,30JeKG9hnBDgr81kpdNdyl,BEAM,A/35,3
0hxnmNCUP5Kv7XSEFJtnyf,2K3kC$BTjA$9yMvLrOxq$6,BEAM,A/124,1
2QkRsYHJbAD8HhScNy12Bn,0bUlLoR597yua3tfXF$Inw,BEAM,A/124,0
0zxkqP0XP5WQdAiSwEzEMS,39VPXxis9148izrZOxFIdq,BEAM,A/124,1
16KGaHC0DEEuLrKpbfeWYb,07OVg30hn438nMtGjeBWIb,BEAM,A/124,1
2D97vnGQn3fgksTLMhKxBE,1CJubXKpL02uqdBI$kc_Mb,BEAM,A/73,6
36lQxSRRj28PGWGMfev8MA,1CJubXKpL02uqdBI$kc_Mb,BEAM,A/73,6
2YmX1BB9LCUfaECZVlOnl0,1l6JS79YH6MfGLBnueeHLj,BEAM,A/73,6
2OZpNAscv99gBCHsNE$8_u,1l6JS79YH6MfGLBnueeHLj,BEAM,A/73,6
1HpYTjtfD8bAyGRxmae8lW,0GkHeQXbb4Wf4CiK6oEDkl,BEAM,A/124,0
2mjL8aWUr2GAlOwgpIJxig,3wRn9l4Uj8391wgLVZoO$h,BEAM,A/124,0
0HTuUtZs545uGKs$A5rh8H,0WforFZ4X9dxDJ9xpxB7ed,BEAM,A/134,6
0_bhQVZgjCugWMG9pEwXw9,0WforFZ4X9dxDJ9xpxB7ed,BEAM,A/134,6
250cY9h3zFzhlefE54XZOU,1z7NnS8xL3cR1CxgTRvCzh,BEAM,A/99,1
25DkjCbtj1tPdVch9YTBvY,16kSre6XXEXBjzs_hQaZ63,BEAM,A/99,1
1aIruUo1TDo8TLeGJrStcN,3ZqqRYsVTChQjK0Jfey8Lh,BEAM,A/25,2
1VSY$pIyzBuQnxuMZ1OAyc,2qOG8oyVvCrhY8plznFLiW,BEAM,A/25,1
0$qyoLnjP3QxCbOK5ltP3G,0N$4PDckz6Bw9aqYUBCjZh,BEAM,A/25,1
2wCMFNHbH5oRJ5x8r0jbWh,1Jrd8mwD516vl4VWBT4XcY,BEAM,A/25,1
38vVEAP_T0vhiMA_5Ydog1,1nrj5lmdTDGxORO2B8VFvL,BEAM,A/25,2
2Qjvr5p05CaA$ba7$rx_WN,3NmTMI7ov7Q8K7YXHQEKLG,BEAM,A/25,1
3e3bly0IX0fgALH59v8igY,3BrgSYSF5CGxOGF8oOPbrJ,BEAM,A/239,2
1UHgCHLmzB5xF9daoQ8RUf,1Xmx3XpAj6P9DrlDVY8XLE,BEAM,A/45,1
0wqyHub652SReqnkCqcXKS,3ca81FHtrC591$UuBuuCxb,BEAM,A/45,1
0NtrDsiFjDyBlrgx2xaIDP,0DM6XBaaz7bhHH4f1L4Uw2,BEAM,A/45,1
123SJZQ$j5mQWUbZp7qWRX,26EFWP9K92h8XjgBeNRA0k,BEAM,A/25,2
0LtHGoB_93j961R1wzc_18,16EqUtvVbDjAbBCztTfxS1,BEAM,A/25,2
27VWdCq454$BjFgr7zyARk,1IHci1hGP0PeWT8NWvmQ7s,BEAM,A/25,2
3nAK9byLz1bBN8hPJ08NpT,3L71Mz5zX84O94koOV7SaM,BEAM,A/25,2
2dQB9ev$57nOJl5mfWjon7,2m06cv_MD2ZgAlPTRy36PN,BEAM,A/25,2
2zH7gsF1n28BPd70Q792hE,1KJRXABEj0_BB0bqILUw6d,BEAM,A/45,1
2_YOZjuOP5uOPymsKbXlhh,1P8SDcKj945guFgiftjBBq,BEAM,A/37,0
3vt1Jl5fnE8OTp9uJgAaRw,3glPzIPXX5PuRBHwFbM_CO,BEAM,A/25,0
1QUR2DPcH1URpso5xyOL8$,2d3GoPSdrDLw2fP7PTW$hC,BEAM,A/25,1
0K5ggBKTr4GA7eaPkjv1nI,34oK_KE7H5Gg89FRA3Eew8,BEAM,A/37,0
1shmRxrh90tPBCbz8x_OUi,2cRauXM1r86R6M_PT88RKl,BEAM,A/25,2
23rmkcPnv6PRANxh5r$zu2,30rvpLpcHD3OTOBDUWmAzg,BEAM,A/25,2
2XNI$GMkf1O9ppGaNGwO$5,3eoloCKI9C985UlSXcb752,BEAM,A/37,0
2CrwwnJ_X3r89aZC5FCAVa,06fNF7p4z0eOpfD9afr0hf,BEAM,A/37,0
3nbcZraPzDR98CtML2eDbr,3q9$eV7O93aweNSnGSkAt4,BEAM,A/25,2
2IrdoSjrP3tQWbDwy0cLW$,3NXyvoIF1AdfeyqIuj8x6H,BEAM,A/25,2
3tQdVR$dT3jB9IXUN8jeXX,0cyzjX0Gr0ufyJHPXMbh7p,BEAM,A/24,3
0nYhsCHd1CdvN9nmayZeGI,0cyzjX0Gr0ufyJHPXMbh7p,BEAM,A/24,3
3notIippLDR90SbiGL2392,0jBE9dUmn9sAe93h$MwBjp,BEAM,A/24,3
1p1vJshTHFu8zflNEXM0rR,0jBE9dUmn9sAe93h$MwBjp,BEAM,A/24,3
2_qu11Wc5B$PIweFQlKtWE,0jMDCs67bF4gxEstJB$izR,BEAM,A/25,2
2fcCOw8Br8yO0IxGSFxjpC,2CiPJ1ndrDnfgwml_RkZjJ,BEAM,A/25,2
1tqC06bSr8WwBaoFzOhJrV,3n5FrvvJHFRhSP5djfmYBJ,BEAM,A/25,2
3BbsMI2_v1pwlgtr_xrQ5B,2TyyGtRkfEqfPffBn6zpGC,BEAM,A/25,2
16Dq8RfZL4eeU3_GF4CLQ9,3sjeJBf6TATwSDo2ZJoe9M,BEAM,A/25,2
2ZU2kCwOz80w7$Jq0mfKW3,3tr$uHTHr0RPqHlegjlzaI,BEAM,A/28,0
2DDCPijOf10AXwocUOYSh7,3kcnk2bfj1RBlrd_1Bqa5$,BEAM,A/28,0
0UK4Hck9LEShFLIWnbPR7F,3Y7r$P6D5CthDeOUk0idas,BEAM,A/28,0
33Fwg1xgvFaPwmvlURkq4n,0gg8nGWt5E6w2gIhsnvqkd,BEAM,A/77,1
2M55JPhkjCTgGRSnRySAbZ,0On9vdcmX3yQgrZ12ODUIh,BEAM,A/77,1
0YJ$wZb8z2mgODEUPIbPJw,3j6dcJVfvDOxYSBCCvy_Oj,BEAM,A/98,2
3QwOFm1brEEhg4nXQW_aAf,3j6dcJVfvDOxYSBCCvy_Oj,BEAM,A/98,2
3SB3qB9Sz6VeE7Umry6fLz,03IM5ETXbFQfZ5aOcvHAi7,BEAM,A/98,2
0ocwu7e4b10PYUIMLydDlF,03IM5ETXbFQfZ5aOcvHAi7,BEAM,A/98,2
0Sbc7snVbF6QiFxb8F5hsJ,09wBFPrNHFlRsJHePxxGjL,BEAM,A/77,0
10zF1gQ1jB4g12uRTNCjVI,0EpLhusGPFOuLf54xZP0Q6,BEAM,A/77,1
1JAydw8m93gw29DumiBjXP,1kDdjODMX1R8BrzzOkn0BC,BEAM,A/25,2
0lKIDfyuT2FhkOoX0iHtWL,2ApuSdCWn15xjq6R6GqvFI,BEAM,A/25,1
2h9mzc8K92BRD_YbCZDU0f,3nUu790MbF3hPBeaL1ylXK,BEAM,A/25,2
28S_rxGVz71BSUx96fBqcS,07zxeyraj5SOJqJ$U56dLX,BEAM,A/28,0
3KADUUNxj1tvFio$tIJhWr,2twsOAY_XFKPf57oAlGqDw,BEAM,A/25,2
